post_number,post_url,caption,images,timestamp
1,https://www.facebook.com/PizzaPizzaCanada,"Game day ready 
 Don’t wait, get your big game order in!",,2025-11-18 13:04:12
2,https://www.facebook.com/PizzaPizzaCanada,Pizza Pizza,https://static.xx.fbcdn.net/rsrc.php/v4/yw/r/8iuTX4LlGZO.png,2025-11-18 13:05:13
3,https://www.facebook.com/timmy.otoole.12,Russell Frivalt,,2025-11-18 13:05:44
4,https://www.facebook.com/PizzaPizzaCanada,Pizza Pizza,https://static.xx.fbcdn.net/rsrc.php/v4/yw/r/8iuTX4LlGZO.png,2025-11-18 13:06:18
5,https://www.facebook.com/peacheschill,Ami Sneddon,,2025-11-18 13:06:48
6,,Post #6,,2025-11-18 13:07:21
7,https://www.facebook.com/PizzaPizzaCanada/posts/pfbid029fAD18oc72orEJQPhszk5DcV6SdxbHbfnBNdCX3JSUZVR2dE6c8SdKhu6HkN67FMl,Michel Baillargeon,,2025-11-18 13:07:52
8,https://www.facebook.com/PizzaPizzaCanada/posts/pfbid0JJ79xm2t8DjTpzEFssKzQ7uMMscdLjxYeU3tyXVNmNsdF7mwgtydBuaAPA8P9Giml,Blake Cariglio,,2025-11-18 13:08:24
9,https://www.facebook.com/PizzaPizzaCanada/posts/pfbid02zgt7HdzDkxgCnfgGkoKUWAmqYqAUqaBzqRKHCrmaP47VMLiir1UK8U7y5dSNU9t3l,Abdul Sabah,,2025-11-18 13:08:55
10,https://www.facebook.com/PizzaPizzaCanada/posts/pfbid02zgt7HdzDkxgCnfgGkoKUWAmqYqAUqaBzqRKHCrmaP47VMLiir1UK8U7y5dSNU9t3l,Pizza Pizza,https://static.xx.fbcdn.net/rsrc.php/v4/yw/r/8iuTX4LlGZO.png,2025-11-18 13:09:28
